<policy-model>
  <title>Force11-Open Software</title>
  <version>0.2</version>
  <date>2017-04-23</date>
  <keywords>repository, open, Force11, software</keywords>
  <authors>
    <group>
      <name>Force 11: Scholarly Commons Subworking Group 3</name>
    </group>
  </authors>
  <model answers-order="yes-first">
    <!-- other options: yes-last, verbatim. Default: yes-first -->
    <!-- pathes are relative to model directory -->
    <space root="DataTags">definitions.ts</space>
    <graph>questionnaire.dg</graph>
  </model>
  <references>
    <!-- Need to finalize the fields for references -->
    <reference doi="1234567890">
      ref1 text
    </reference>
    <reference url="http://somewhere.org/important/doc">
      ref2 text
    </reference>
  </references>
</policy-model>
