<policy-model>
  <title>Sample Model with Imports</title>
  <subtitle>Example of how to break a large decision graph to a few files</subtitle>
  <version doi="xyz">0.4</version>
  <date>2017-06-27</date>
  <keywords>policy model, section, nodes, imports</keywords>
  <authors>
    <person orcid="123-2345-67890">
      <name>Dane Joe</name>
    </person>
    <group>
      <name>PolicyModels testing and examples</name>
    </group>
  </authors>
  <model answers-order="yes-first">
    <space root="Base">definitions.ts</space>
    <graph>graph.dg</graph>
  </model>
</policy-model>
